{
    "loss": 0.7006266117095947,
    "accuracy": 0.9224137663841248
}